Serverless活用,2
機械学習,2
CloudSpanner,2
マイクロサービス,2
Kubernetes開発,1
開発徹底,1
徹底効率,1
CloudRun,1
RunKnative,1
Knativeサーバー,1
サーバーレス,1
メルペイマイクロ,1
サービスGKE,1
GKECloud,1
Twitter登壇,1
登壇Digital,1
Digital規模,1
規模活躍,1
活躍サービス,1
サービス事業,1
事業裏,1
進化音声,1
音声認識,1
認識音声,1
音声コマンド,1
コマンドIVR,1
IVR最適,1
最適音声,1
音声分析,1
GCP実現,1
実現次,1
次世代,1
世代ネット,1
ネット通販,1
通販レコメン,1
レコメンデーション,1
SiteReliability,1
ReliabilityEngineering,1
Engineering入門,1
IstioKubernetes,1
KubernetesSpinnaker,1
Spinnakerカナリア,1
カナリアデプロイメント,1
Spannerin,1
関数オブジェクト,1
オブジェクト指向,1
指向命令,1
命令Scala,1
Scalaクラス,1
クラス入門,1
SpotifyScio,1
Scioデータ,1
データ処理,1
ScalaDriven,1
DrivenManagement,1
プロジェクトEff,1
Effメリット,1
ハイパフォーマンスScala,1
継続DI,1
ハウツーテスト,1
テストproper,1
サイバーエージェント,1
エージェントプライベート,1
プライベートコンテナ,1
コンテナ基盤,1
基盤AKE,1
AKE技術,1
サービスアプリケーション,1
アプリケーション機械,1
YahooJAPAN,1
JAPANKubernetes,1
KubernetesService,1
Service加速,1
加速アプリケーション,1
アプリケーション開発,1
KubernetesPaa,1
Paaコンテナ,1
コンテナアプリケーション,1
アプリケーションOps,1
Ops挑戦,1
DockerMoby,1
Kubernetes最高,1
最高仕事,1
仕事道具,1
Kubernetes世界,1
世界すべて,1
すべてサーバーレス,1
コンテナPaa,1
PaaServerless,1
CNCFEvolving,1
EvolvingContainer,1
ContainerLandscape,1
サーバレストークン,1
トークン発行,1
発行プラットフォーム,1
AWSServerless,1
活用サービス,1
サービス監視,1
Saa海外,1
海外展開,1
展開ため,1
ためインフラ,1
インフラTips,1
AWSAll,1
AllStars,1
http関数,1
関数アプリケーション,1
アプリケーション๑^,1
アニメーション理解,1
理解Akka,1
AkkaStreams,1
StreamsAkka,1
AkkaHTTP,1
Formatthings,1
thingswith,1
Scala-er,1
-er影響,1
影響Java,1
Java現状,1
Akka分散,1
分散トレーシング,1
DatabricksSpark,1
Sparkデータ,1
データ分析,1
分析機械,1
学習実践,1
実践入門,1
Jsoncodec,1
codec現場,1
実践Graph,1
GraphQL,1
CloudCode,1
QLScala,1
Codeコンテナ,1
コンテナツール,1
ツールKubernetes,1
