開発,25
Scala,23
サービス,19
セッション,17
Kubernetes,16
Cloud,14
よう,14
ため,14
紹介,14
コード,14
アプリケーション,12
利用,11
こと,10
Google,10
Akka,10
活用,9
データ,9
関数,9
多く,9
言語,9
解説,7
ベース,7
Java,7
説明,7
テスト,7
処理,7
分散,6
発表,6
Graph,6
音声,6
方法,6
パフォーマンス,6
認識,6
構築,6
トレーシング,6
実現,6
採用,6
導入,5
理解,5
実行,5
QL,5
GCP,5
マイクロ,5
Spanner,5
実装,5
運用,5
学習,5
一つ,5
HTTP,5
影響,5
Scio,5
最適,5
向上,4
使用,4
サーバ,4
JVM,4
コンテナ,4
提供,4
Future,4
環境,4
メルペイ,4
アニメーション,4
指向,4
分析,4
サーバーレス,4
ツール,4
AWS,4
機械,4
オブジェクト,4
トークン,4
システム,4
サポート,4
フォーマッタ,4
リリース,4
設計,4
エンジニア,4
Run,3
Streams,3
Scala。,3
プログラミング,3
プロジェクト,3
人,3
入門,3
発行,3
効率,3
ソフトウェア,3
LT,3
Spark,3
精度,3
Serverless,3
API,3
プロパティ,3
ポイント,3
ワーク,3
GKE,3
世界,3
インフラ,3
デモ,3
プラットフォーム,3
分割,3
問題,3
海外,3
トーク,3
ケース,3
上記,3
Twitter,3
Knative,3
とき,3
手法,3
Spotify,3
際,3
Databricks,3
Eff,2
Code,2
管理,2
フロー,2
サーバー,2
オープン,2
ソース,2
昨年,2
Next,2
具体,2
App,2
他,2
アーキテクチャ,2
選択,2
Platform,2
登壇,2
Digital,2
規模,2
活躍,2
裏,2
インターネット,2
イベント,2
開催,2
企画,2
進化,2
クラウド,2
レベル,2
ユース,2
ユーザー,2
エンド,2
テクニック,2
タイム,2
ソリューション,2
ネット,2
通販,2
レコメン,2
デーション,2
結果,2
基盤,2
レコメンド,2
機能,2
全体,2
Site,2
Reliability,2
Engineering,2
SRE,2
プラクティス,2
Istio,2
Spinnaker,2
デプロイ,2
最新,2
プロダクト,2
情報,2
プロダクション,2
特有,2
命令,2
複数,2
パラダイム,2
全て,2
スタイル,2
基本,2
モジュール,2
クラス,2
例,2
ライブラリ,2
フレーム,2
知見,2
安全,2
プロセス,2
業務,2
エンジニアリング,2
実例,2
ブロッキング,2
VM,2
Team,2
性能,2
移行,2
DI,2
解決,2
合成,2
統治,2
アプローチ,2
すべて,2
技術,2
Paa,2
サーバレス,2
Ethereum,2
バックエンド,2
監視,2
うち,2
以下,2
アドバンテージ,2
Saa,2
展開,2
稼働,2
ライトニング,2
時間,2
๑^,2
本番,2
印象,2
内部,2
動作,2
scalafmt,2
現状,2
変更,2
可視,2
Open,2
Census,2
実践,2
Json,2
自然,1
利点,1
Github,1
予定,1
人間,1
可変性,1
知識,1
コンポーネント,1
一方,1
概念,1
関連,1
トピック,1
抽象,1
測定,1
もと,1
Scalaz,1
Cats,1
オフロード,1
以降,1
IVR,1
コマンド,1
処理。,1
パイプ,1
ライン,1
Dataflow,1
やり取り,1
大会,1
議論,1
要点,1
共有,1
実運用,1
日本,1
仕組み,1
Driven,1
Management,1
型推,1
資産,1
性質,1
必要,1
そのもの,1
参加,1
中,1
育成,1
Metrics,1
マネジメント,1
Tracing,1
マネージメント,1
来場,1
スピーカー,1
メリット。,1
時,1
段階,1
インターフェース,1
型,1
ゲスト,1
Either,1
Task,1
それぞれ,1
メリットデメリット,1
形,1
ハイパフォーマンス,1
エディション,1
Tokyo,1
業界,1
方,1
GC,1
発生,1
DB,1
アクセス,1
流行,1
事,1
考慮,1
計測,1
プロファイリング,1
ボトル,1
ネック,1
解消,1
ノン,1
事業,1
並行,1
兆し,1
Jaeger,1
クラスタ,1
仮想,1
マシン,1
投資,1
JIT,1
コンパイラー,1
Graal,1
普及,1
観測,1
上,1
道のり,1
決済,1
課題,1
オーバーヘッド,1
対策,1
カバー,1
継続,1
ほど,1
Sangria,1
リクエスト,1
客,1
解,1
DELISH,1
KITCHEN,1
料理,1
継続渡し,1
比較,1
考察,1
ハウツー,1
Spanner。,1
proper,1
ユニット,1
定着,1
分け,1
人気,1
ほとんど,1
プロパティベース,1
側面,1
最小,1
普遍,1
カスタム,1
ジェネレーター,1
フィルター,1
場合,1
動画,1
状況,1
穴,1
サイバー,1
エージェント,1
プライベート,1
AKE,1
メディア,1
Functions,1
Yahoo,1
JAPAN,1
Service,1
加速,1
ホスティング,1
Ops,1
挑戦,1
Docker,1
Moby,1
最高,1
仕事,1
道具,1
Engine,1
CNCF,1
Evolving,1
Container,1
Landscape,1
個人,1
注目,1
Franciso,1
敷居,1
独自,1
UI,1
Flutter/,1
Vue.js,1
Slack,1
アプリ,1
作成,1
内容,1
Sync,1
Lambda,1
DynamoDB,1
Cognito,1
Metamask,1
アドレス,1
San,1
サンプル,1
背景,1
codec,1
現場,1
送信,1
起動,1
ラン,1
メリット,1
今回,1
中小,1
企業,1
受託,1
OSS,1
活動,1
circe。,1
レス,1
Web,1
Tips。,1
Instoll,1
株式,1
会社,1
初日,1
現地,1
法人,1
スタートアップ,1
法務,1
税務,1
Http,1
お伝え,1
All,1
Stars,1
コミュニティ,1
Request,1
アマゾン,1
ウェブ,1
ジャパン,1
テクニカル,1
スペシャリスト,1
怒涛,1
アーキテクト,1
スライド,1
Response,1
堪能ください,1
最終,1
http,1
歩み,1
cats,1
effect,1
可読,1
中心,1
Tekton,1
耳,1
声,1
手間,1
図解,1
手助け,1
もの,1
限り,1
今更,1
circe,1
関西,1
Summit,1
カンファレンス,1
ところ,1
デファクト,1
徹底,1
興味,1
勉強,1
注意,1
きっかけ,1
助け,1
ドキュメント,1
頭,1
Format,1
things,1
ローカル,1
コーディング,1
規約,1
強制,1
過程,1
各種,1
物流,1
モデル,1
連携,1
ビジネス,1
自動,1
今後,1
取り組み,1
リファクタリング,1
恩恵,1
以外,1
流れ,1
prettier,1
Gmail,1
検索,1
既存,1
カゴ,1
活発,1
原則,1
コスト,1
scala,1
カナリア,1
デプロイメント,1
カナリアデプロイメント,1
ロール,1
アウト,1
パターン,1
エンジン,1
Facebook,1
如何,1
設定,1
項目,1
一部,1
in,1
Action,1
特徴,1
高機能,1
EARTH,1
エクスポート,1
モニタリング,1
享受,1
クエリ,1
方式,1
違い,1
操作画面,1
詳細,1
RDBMS,1
ASKUL,1
データベース,1
デベロッパー,1
解析,1
世代,1
次,1
話し,1
翻訳,1
サイト,1
イン,1
-er,1
提唱,1
ボイラー,1
プレート,1
better,1
エクスペリエンス,1
現在,1
集中,1
話,1
期待,1
サイクル,1
