関数型,6
分散トレーシング,6
AkkaHTTP,5
ベーステスト,4
APIサーバ,4
CloudSpanner,4
GoogleCloud,4
プロパティベース,4
Kubernetes開発,4
アプリケーション開発,3
Serverless活用,3
AkkaStreams,3
CloudRun,3
StreamsAkka,3
アニメーション理解,3
型コード,3
セッションCloud,3
GKECloud,2
紹介scalafmt,2
サービス監視,2
トークン発行,2
発行プラットフォーム,2
影響そう,2
そうJava,2
Java現状,2
データ分析,2
分析機械学習,2
ハイパフォーマンス,2
CloudPlatform,2
型クラス,2
サーバーレスサービス,2
SiteReliability,2
ReliabilityEngineering,2
GraphQLAPI,2
サーバ設計,2
scalaプロジェクト,2
GraphQL採用,2
人セッション,2
IstioKubernetes,2
処理手法,2
KubernetesSpinnaker,2
GoogleKubernetes,2
本番環境,2
KubernetesEngine,2
AFuture,2
Scalaアプリケーション,2
CloudCode,2
ScalaScala,2
性能向上,2
複雑化,2
HTTPAPI,2
ブロッキング処理,2
ネット通販レコメンデーション,2
非常多く,2
scalaコードフォーマッタ,2
INSIDEDigital,2
内部動作,2
大規模システム,2
グローバル規模,2
設計開発,2
認識精度,2
catseffect,2
解決問題,2
具体的デモ,1
デモ説明,1
説明App,1
AppEngine,1
EngineCloud,1
CloudFunctions,1
FunctionsGCP,1
GCPサーバーレス,1
サービス使い分け,1
使い分けポイント,1
ポイント説明,1
メルペイマイクロ,1
マイクロサービス,1
サービスGKE,1
Spanner2019,1
2019年,1
年2,1
2月,1
月リリース,1
リリースメルペイ,1
メルペイサービス,1
サービスマイクロサービス,1
マイクロサービスアーキテクチャ,1
アーキテクチャ採用,1
採用インフラ,1
インフラGoogle,1
EngineGKE,1
Spanner利用,1
利用多く,1
多くお客様,1
お客様リクエスト,1
リクエスト処理,1
処理メルペイ,1
メルペイGKE,1
GKESpanner,1
Spanner選択,1
選択システム,1
システム設計,1
開発メルペイ,1
メルペイ決済,1
決済マイクロサービス,1
マイクロサービスGoogle,1
Platform運用,1
運用説明,1
Twitter登壇,1
登壇INSIDE,1
Digitalグローバル,1
規模活躍,1
活躍サービス,1
サービス事業,1
事業社,1
社裏側,1
裏側インターネットサービス,1
インターネットサービス業界,1
業界活躍,1
活躍エンジニア,1
エンジニア皆様,1
皆様イベント,1
イベントGoogle,1
CloudINSIDE,1
DigitalNext,1
NextTokyo,1
Tokyo特別,1
特別エディション,1
エディション開催,1
開催今回,1
今回グローバル,1
規模インターネットサービス,1
インターネットサービス提供,1
提供Twitter,1
Twitterゲスト,1
ゲストスピーカー,1
スピーカー普段,1
普段開発,1
開発裏側,1
裏側Google,1
Platform活用,1
活用方法,1
方法紹介,1
紹介来場者,1
来場者参加,1
参加型,1
型企画,1
企画LT,1
LT大会,1
大会開催,1
進化音声認識,1
音声認識音声,1
音声コマンド,1
コマンドIVR,1
IVR最適化,1
最適化音声分析,1
音声分析クラウド,1
クラウドベース,1
ベース音声認識,1
音声認識サービス,1
サービス従来,1
従来導入,1
導入簡単,1
簡単認識,1
精度正確,1
正確人間,1
人間レベル,1
レベル確実,1
確実自然言語,1
自然言語ベース,1
ベースユース,1
ユースケース,1
ケース複雑,1
化ユーザー,1
ユーザー期待,1
期待以前,1
以前十分,1
十分認識,1
認識レベル,1
レベル現在,1
現在エンド,1
エンドユーザーエクスペリエンス,1
ユーザーエクスペリエンス十分,1
十分セッション,1
セッション高度,1
高度テクニック,1
テクニック認識,1
精度方法,1
方法音声分析,1
音声分析インサイト,1
インサイト方法,1
方法音声認識,1
音声認識翻訳,1
翻訳処理,1
処理リアルタイム,1
リアルタイム実行,1
実行ソリューション,1
ソリューション構築,1
構築方法,1
方法解説,1
GCP実現,1
実現次世代,1
次世代ネット通販,1
レコメンデーションデータ,1
データ解析,1
解析プラットフォーム,1
プラットフォームASKUL,1
ASKULEARTH,1
EARTH上,1
上ネット通販,1
レコメンデーションエンジン,1
エンジン開発,1
開発結果,1
結果カゴ,1
カゴ入れ,1
入れ率,1
率大幅,1
大幅向上,1
向上セッション,1
セッション既存,1
既存大規模,1
システム一,1
一データ,1
データ基盤,1
基盤構築,1
構築レコメンド,1
レコメンド機能,1
機能提供,1
提供流れ,1
流れ過程,1
過程GCP,1
GCP各種,1
各種サービス,1
サービス活用,1
活用解説,1
解説レコメンド,1
レコメンド精度,1
精度向上,1
向上物流,1
物流モデル,1
モデル連携,1
連携ビジネス,1
ビジネス全体,1
全体最適化,1
最適化今後,1
今後取り組み,1
取り組み紹介,1
Engineering入門,1
入門Site,1
EngineeringSRE,1
SREGmail,1
GmailGoogle,1
Google検索,1
検索大規模,1
システムサポート,1
サポートGoogle,1
Googleセッション,1
セッション世界,1
世界的,1
的サービス,1
サービス確実,1
確実運用,1
運用Google,1
GoogleSRE,1
SREプラクティス,1
プラクティス原則,1
Spinnakerカナリア,1
カナリアデプロイメント,1
デプロイメントIstio,1
Spinnakerカナリアデプロイメント,1
カナリアデプロイメント高度,1
高度ロールアウト,1
ロールアウトパターン,1
パターンサポート,1
サポートアプリケーション,1
アプリケーション安全,1
安全簡単,1
簡単デプロイ,1
デプロイ可能,1
可能セッション,1
セッションこれら,1
これら如何,1
如何GCP,1
GCP上,1
上実現,1
実現最新,1
最新プロダクト,1
プロダクト情報,1
情報説明,1
Spannerin,1
inAction,1
Actionセッション,1
Spanner特徴,1
特徴紹介,1
紹介プロダクション,1
プロダクション環境,1
環境利用,1
利用時,1
時必要,1
必要データ,1
データエクスポート,1
エクスポートモニタリング,1
モニタリングツール,1
ツール活用,1
活用Spanner,1
Spanner特有,1
特有クエリ,1
クエリ実行,1
実行方式,1
方式違い,1
違い等,1
等操作,1
操作画面,1
画面デモ,1
デモ詳細,1
詳細解説,1
解説セッション,1
セッション普段,1
普段RDBMS,1
RDBMS使用,1
使用開発,1
開発運用,1
運用データベース,1
データベースエンジニア,1
エンジニアアプリケーション,1
アプリケーションデベロッパー,1
デベロッパー向け,1
向けセッション,1
型オブジェクト指向,1
オブジェクト指向命令,1
命令型,1
型Scala,1
Scalaオブジェクト指向,1
オブジェクト指向関数型プログラミング,1
関数型プログラミング命令型プログラミング,1
命令型プログラミング複数,1
複数パラダイム,1
パラダイムScala,1
Scalaボイラープレート,1
ボイラープレートオブジェクト指向,1
オブジェクト指向better,1
betterJava,1
Java関数,1
コード集中,1
集中worse,1
worseHaskell,1
Haskell話,1
話人,1
セッション上記,1
上記全て,1
全てパラダイム,1
パラダイム全て,1
全て利点,1
利点シンプル,1
シンプル退屈,1
退屈Scala,1
Scalaスタイル,1
スタイル紹介,1
紹介関数,1
コード基本,1
基本コード,1
コード簡潔,1
簡潔可変,1
可変性,1
性モジュール,1
モジュール化,1
化コンポーネント,1
コンポーネントオブジェクト指向,1
Scala型,1
クラス入門,1
入門型,1
クラス概念,1
概念Scala,1
Scala実現,1
実現それ,1
それ利用,1
利用関連,1
関連トピック,1
トピック基本,1
基本解説,1
解説わかりやすさ,1
わかりやすさ抽象,1
抽象的,1
的説明,1
説明具体,1
具体的,1
的例,1
例もと,1
もと説明,1
説明Scalaz,1
ScalazCats,1
Cats主要,1
主要ライブラリ,1
ライブラリ簡単,1
簡単可能,1
可能Scala,1
Scala3,1
3以降,1
SpotifyScio,1
Scioデータ処理,1
データ処理2年前,1
2年前Spotify,1
Spotifyデータ,1
データパイプライン,1
パイプライン開発,1
開発Google,1
GoogleDataflow,1
Dataflowデプロイ,1
デプロイオープンソース,1
オープンソースScala,1
Scalaフレームワーク,1
フレームワークScio,1
Scio導入,1
導入セッション,1
セッションScio,1
Scio進化,1
進化議論,1
議論2年間,1
2年間Scio,1
Scioプロダクション,1
プロダクション運用,1
運用要点,1
要点共有,1
共有Spotify,1
Spotify運用,1
運用興味,1
興味データ処理,1
データ処理ワークフロー,1
ワークフローいくつか,1
いくつかこれ,1
これ運用,1
運用知見,1
知見知見,1
知見活用,1
活用Scio,1
Scio安全,1
安全紹介,1
ScalaDriven,1
DrivenManagement,1
Management関数,1
型型,1
型安全,1
安全型推論,1
型推論Java,1
Java資産,1
資産活用,1
活用Scala,1
Scalaプログラミング言語,1
プログラミング言語性質,1
性質開発プロセス,1
開発プロセスそのもの,1
そのもの様々,1
様々影響,1
影響結果,1
結果エンジニア,1
エンジニア業務,1
業務開発,1
開発育成,1
育成エンジニアリング,1
エンジニアリングマネジメント,1
マネジメントプロセス,1
プロセス影響,1
影響業務,1
業務実例,1
実例Scala,1
Scala開発,1
開発言語,1
言語選択,1
選択エンジニアリング,1
エンジニアリングマネージメント,1
マネージメント影響,1
影響説明,1
プロジェクト型,1
型Eff,1
Effメリット,1
メリットscala,1
プロジェクト設計,1
設計考える人,1
考える人段階,1
段階インターフェース,1
インターフェース型,1
型Future,1
FutureA,1
FutureEither,1
EitherE,1
EA,1
Future利用,1
利用Task,1
Task利用,1
利用私,1
私それぞれ,1
それぞれメリットデメリット,1
メリットデメリット1番,1
1番形,1
形実現,1
実現Eff,1
Eff紹介,1
パフォーマンスScala,1
ScalaJVM,1
JVM上,1
上実行,1
実行パフォーマンス,1
パフォーマンス言語,1
言語言語,1
言語開発,1
開発パフォーマンス,1
パフォーマンスFull,1
FullGC,1
GC発生,1
発生DB,1
DBアクセス,1
アクセス等,1
等ブロッキング,1
処理Scala,1
Scala言語,1
言語特有,1
特有書き方,1
書き方etc,1
etc上記,1
上記Scala,1
Scalaハイ,1
パフォーマンスアプリケーション,1
開発様々,1
様々考慮,1
考慮発表,1
発表パフォーマンス,1
パフォーマンス計測,1
計測プロファイリング,1
プロファイリング方法,1
方法ボトルネック,1
ボトルネック解消,1
解消Scala,1
Scala書き方,1
書き方ブロッキング,1
手法並行,1
並行処理,1
手法発表,1
ScalaGraal,1
GraalTwitterVMTeam,1
TwitterVMTeamScala,1
アプリケーション性能,1
向上Java,1
Java仮想マシン,1
仮想マシンJVM,1
JVM最適化,1
最適化投資,1
投資私たち,1
私たちJIT,1
JITコンパイラー,1
コンパイラーGraal,1
Graal移行,1
移行有意,1
有意性能,1
向上観測,1
観測移行,1
移行JVM,1
JVMコードベース,1
コードベースJava,1
Java更,1
更最適化,1
最適化実装,1
実装道のり,1
道のりトーク,1
トーク私たち,1
私たちScala,1
アプリケーション内,1
内パフォーマンス,1
パフォーマンス課題,1
課題それ,1
それTwitterVMTeam,1
TwitterVMTeam解説,1
解説効率,1
効率Future,1
Future実行,1
実行最適化,1
最適化invoke,1
invokeinterface,1
interface呼び出し,1
呼び出し時,1
時オーバーヘッド,1
オーバーヘッド対策,1
対策カバー,1
継続DI,1
DI情報システム,1
情報システム解決,1
問題複雑,1
化複雑,1
複雑問題,1
問題解決,1
問題分割,1
分割解,1
解合成,1
合成分割統治,1
分割統治アプローチ,1
アプローチ必要,1
必要セッション,1
セッション再利用,1
再利用可能,1
可能モジュール,1
モジュール合成,1
合成手法,1
手法継続,1
継続渡し,1
渡しスタイル,1
スタイルDI,1
DI二つ,1
二つアプローチ,1
アプローチ解説,1
解説それら,1
それら比較,1
比較分割統治,1
分割統治ツール,1
ツール考察,1
Scalaand,1
andSRE,1
ハウツーテスト,1
テストproper,1
propert,1
tl,1
ly,1
yユニットテスト,1
ユニットテスト定着,1
定着プラクティス,1
プラクティスそれ,1
それプロパティ,1
テスト人気,1
人気それ,1
それ関数型言語,1
関数型言語一つ,1
一つ多く,1
多く実装,1
実装プロパティ,1
テスト多く,1
多く側面,1
側面幾つ,1
幾つテストケース,1
テストケースランダム,1
ランダム性,1
性網羅,1
網羅性,1
性最小化,1
最小化普遍,1
普遍化,1
化カスタム,1
カスタムジェネレーター,1
ジェネレーターフィルター,1
フィルター非常,1
多く場合,1
場合プロパティ,1
テストフレームワーク,1
フレームワークすべて,1
すべて機能,1
機能利用,1
利用セッション,1
セッション関数型言語,1
関数型言語プロパティ,1
テスト最新,1
最新状況,1
状況ユースケース,1
ユースケーステクニック,1
テクニック落とし穴,1
サイバーエージェントプライベート,1
プライベートコンテナ,1
コンテナ基盤,1
基盤AKE,1
AKE技術,1
マイクロサービスアプリケーション,1
アプリケーション機械学習,1
Yahoo! JAPANKubernetes,1
Kubernetesas,1
asa,1
aService,1
Service加速,1
加速アプリケーション,1
Kubernetesx,1
xPaaS,1
PaaSコンテナ,1
コンテナアプリケーション,1
アプリケーションNoOps,1
NoOps挑戦,1
2018年Docker,1
DockerMoby,1
今Kubernetes,1
Kubernetes最高,1
最高仕事,1
仕事道具,1
Kubernetes世界,1
世界すべて,1
すべてサーバーレス,1
コンテナ疲れ,1
疲れk8s,1
k8sPaaS,1
PaaSServerless,1
活用法,1
CNCFEvolving,1
Evolvingthe,1
theContainer,1
ContainerLandscape,1
サーバレストークン,1
プラットフォームEthereum,1
Ethereum上,1
上独自,1
独自トークン,1
プラットフォームサーバレスアーキテクチャ,1
サーバレスアーキテクチャ構築,1
構築UI,1
UIFlutter,1
FlutterVue,1
Vuejs,1
jsSlack,1
Slackアプリ,1
アプリ作成,1
作成バックエンド,1
バックエンドAppSync,1
AppSyncLambda,1
LambdaDynamoDB,1
DynamoDBCognito,1
Cognito使用,1
使用構築,1
構築Ethereum,1
Ethereumトークン,1
トークン企画,1
企画ERC,1
ERC1155,1
1155使用,1
使用Metamask,1
Metamask使用,1
使用アドレス,1
アドレス発行,1
発行トークン,1
トークン管理,1
AWSServerless,1
活用サービス,1
監視Serverless,1
活用ポイント,1
ポイント非常,1
非常アドバンテージ,1
アドバンテージ常時,1
常時データ,1
データ送信,1
送信エンド,1
エンドポイント,1
ポイント提供,1
提供サーバー,1
サーバー常時,1
常時起動,1
起動実行,1
実行ランタイム,1
ランタイム環境,1
環境提供,1
提供上記,1
上記アドバンテージ,1
アドバンテージサービス,1
監視メリット,1
メリット今回,1
今回中小企業,1
中小企業受託,1
受託開発,1
開発OSS,1
OSS活動,1
活動紹介,1
SaaS海外,1
海外展開,1
展開インフラ,1
インフラTips,1
TipsInstoll,1
Instoll株式会社,1
株式会社複数,1
複数SaaS,1
SaaSリリース,1
リリース初日,1
初日海外展開,1
海外展開海外,1
海外現地法人,1
現地法人スタートアップ,1
スタートアップ法務,1
法務税務,1
税務24時間,1
24時間稼働,1
稼働インフラ,1
インフラAWS,1
AWS構築,1
構築すべて,1
すべてお伝え,1
AWSAll Stars,1
All Starsコミュニティ,1
コミュニティイベント,1
イベント多く,1
多くライトニングトーク,1
ライトニングトークLT,1
LTアマゾン,1
アマゾンウェブ,1
ウェブサービス,1
サービスジャパン,1
ジャパンテクニカルスペシャリスト,1
テクニカルスペシャリスト14人,1
14人怒涛,1
怒涛ライトニングトーク,1
ライトニングトークAWS,1
AWSソリューション,1
ソリューションアーキテクト,1
アーキテクトクラウドサポートエンジニア,1
クラウドサポートエンジニア3分間,1
3分間3,1
3スライド,1
スライドLT,1
LT時間,1
時間いっぱい,1
いっぱい堪能,1
堪能最終,1
最終登壇者,1
http4s,1
4scats,1
effect関数,1
型アプリケーション,1
アプリケーションScala,1
Scalaコード,1
コードtagless,1
taglessfinal,1
finalcats,1
effect可読性,1
可読性関数,1
コード書き方,1
書き方発表,1
理解Akka,1
HTTP技術,1
技術理解,1
理解図解,1
図解アニメーション,1
理解好き,1
好き私,1
私大好き,1
大好きセッション,1
セッションAkka,1
HTTPアニメーション,1
理解手助け,1
手助けAkka,1
HTTP私,1
私本番,1
環境導入,1
導入印象,1
印象昨年,1
昨年Scala,1
Scala関西,1
関西Summit,1
Summitカンファレンス,1
カンファレンス発表,1
発表どちら,1
どちら内部,1
動作ライブラリ,1
ライブラリ興味,1
興味普段,1
普段Akka,1
Akka自体,1
自体勉強,1
勉強時間,1
時間コード,1
コード何,1
何何,1
何注意,1
注意人,1
セッションアニメーション,1
アニメーション内部,1
動作理解,1
理解きっかけ,1
きっかけコード,1
コード助け,1
助けドキュメント,1
ドキュメント頭,1
Formatthings,1
thingswith,1
withscalafmt,1
scalafmtコードフォーマッタ,1
コードフォーマッタ導入,1
導入コーディング,1
コーディング規約,1
規約強制,1
強制大規模,1
大規模自動,1
自動リファクタリング,1
リファクタリングソフトウェア開発,1
ソフトウェア開発非常,1
多く恩恵,1
恩恵scala,1
scala言語,1
言語gofmt,1
gofmtprettier,1
prettier様々,1
様々コードフォーマッタ,1
コードフォーマッタ開発,1
開発多く,1
多くソフトウェア開発,1
ソフトウェア開発者,1
者日々,1
日々活用,1
活用scala,1
コードフォーマッタ活発,1
活発開発,1
開発scala,1
コードフォーマッタ一つ,1
一つscalafmt,1
scalafmt多く,1
多くscala,1
プロジェクト採用,1
採用ツール,1
ツール発表,1
発表scalafmt,1
scalafmt紹介,1
scalafmt設定,1
設定項目,1
項目一部,1
一部紹介,1
scalafmt機能,1
機能さ,1
さ享受,1
享受方法,1
方法お話,1
Scalaer,1
er影響,1
現状まとめ,1
まとめJava,1
Javaリリース,1
リリースサイクル,1
サイクルサポート,1
サポート変更,1
変更JVM,1
JVM変更,1
変更予定,1
予定セッション,1
セッションScala,1
Scala利用,1
利用影響,1
現状お話,1
Akka分散,1
トレーシングマイクロサービス,1
マイクロサービス化,1
化アプリケーション,1
アプリケーションパフォーマンス,1
パフォーマンス測定,1
測定一つ,1
一つ分散,1
トレーシングAkka,1
サーバ一つ,1
一つ構築,1
構築他,1
他サービス,1
サービスやり取り,1
やり取り全体,1
全体パフォーマンス,1
パフォーマンス可視,1
可視化,1
化分散,1
トレーシング仕組み,1
仕組み必要,1
必要数,1
数分散,1
トレーシング実装,1
実装Metrics,1
MetricsTracing,1
Tracing実装,1
実装一つ,1
一つOpenCensus,1
OpenCensusOpenCensus,1
OpenCensus利用,1
利用分散,1
トレーシングバックエンド,1
バックエンド一つ,1
一つJaeger,1
JaegerAkka,1
サーバ分散,1
トレーシング可視化,1
可視化紹介,1
DatabricksSpark,1
Sparkデータ,1
機械学習実践,1
実践入門,1
入門DELISH KITCHEN,1
DELISH KITCHEN料理,1
料理動画,1
動画メディア,1
メディアSpark,1
Sparkホスティングサービス,1
ホスティングサービスDatabricks,1
Databricks利用,1
利用データ,1
機械学習個人的,1
個人的Spark,1
Spark利用,1
利用機械学習,1
機械学習敷居が高い,1
敷居が高い印象,1
印象Databricks,1
Databricks導入,1
導入非常,1
非常簡単,1
簡単実現,1
実現アプリケーション,1
アプリケーション内容,1
内容サンプル,1
サンプルコード,1
コード実例,1
実例紹介,1
Jsoncodec,1
codec現場,1
現場circe,1
circeWeb,1
Webアプリケーション,1
開発例,1
例Http,1
HttpRequest,1
RequestResponse,1
Response処理,1
処理大抵,1
大抵Json,1
Jsonわたし,1
わたしScala,1
Scalaplay,1
playjson,1
json歩み,1
歩み最近,1
最近今更,1
今更circe,1
circe大変,1
大変便利,1
便利コード,1
コード解説,1
解説紹介,1
実践GraphQL,1
GraphQLon,1
onScala,1
ScalaFacebook,1
Facebook提唱,1
提唱Github,1
Github採用,1
採用世界的,1
世界的日本的,1
日本的流行,1
流行兆し,1
兆しGraphQL,1
GraphQLGraphQL,1
設計GraphQL,1
採用実装,1
実装Sangria,1
Sangria本番,1
環境稼働,1
稼働セッション,1
セッションGraphQL,1
採用プロダクト,1
プロダクト開発,1
開発採用,1
採用背景,1
背景GraphQL,1
開発紹介,1
Codeコンテナ,1
コンテナツール,1
ツールKubernetes,1
開発徹底,1
徹底効率化,1
効率化Kubernetes,1
開発デファクト,1
デファクト普及,1
普及Kubernetes,1
Kubernetesクラスタ,1
クラスタ管理,1
管理Google,1
Engineオフロード,1
オフロードKubernetes,1
開発従来,1
従来知識,1
知識開発,1
開発フロー,1
フローKubernetes,1
Kubernetes学習,1
学習コスト,1
コストローカル,1
ローカル開発,1
開発手間,1
手間声,1
声耳,1
耳セッション,1
Codeskaffold,1
skaffoldTekton,1
TektonKubernetes,1
開発効率,1
効率化,1
化デモ,1
デモ中心,1
中心紹介,1
紹介Kubernetes,1
RunKnative,1
Knativeサーバーレス,1
サーバーレスKubernetes,1
Kubernetes上,1
上サーバーレス,1
サーバーレス実現,1
実現オープンソースソフトウェア,1
オープンソースソフトウェアKnative,1
Knative昨年,1
昨年Google,1
CloudNext,1
Next2018,1
2018in,1
inSan,1
SanFranciso,1
Franciso発表,1
発表以来,1
以来注目,1
注目Knative,1
Knativeベース,1
ベースサーバーレス,1
サービスCloud,1
RunGCP,1
GCPリリース,1
リリースセッション,1
Run具体的,1
