Scala,8
Kubernetes,6
サービス,4
コンテナ,4
Cloud,4
アプリケーション,4
音声,3
Akka,3
入門,3
マイクロ,2
Spanner,2
分析,2
関数,2
開発,2
データ,2
Paa,2
実践,2
機械,2
Serverless,2
活用,2
学習,2
AWS,2
最適,1
GCP,1
実現,1
次,1
世代,1
ネット,1
通販,1
レコメン,1
デーション,1
Site,1
Reliability,1
Engineering,1
Istio,1
Spinnaker,1
カナリア,1
デプロイメント,1
in,1
オブジェクト,1
指向,1
命令,1
クラス,1
Spotify,1
Scio,1
処理,1
Driven,1
Management,1
プロジェクト,1
Eff,1
メリット,1
ハイパフォーマンス,1
継続,1
DI,1
ハウツー,1
テスト,1
proper,1
サイバー,1
エージェント,1
プライベート,1
基盤,1
AKE,1
技術,1
Yahoo,1
JAPAN,1
Service,1
加速,1
Ops,1
挑戦,1
Docker,1
Moby,1
最高,1
仕事,1
道具,1
世界,1
すべて,1
サーバーレス,1
CNCF,1
Evolving,1
Container,1
Landscape,1
サーバレス,1
トークン,1
発行,1
プラットフォーム,1
監視,1
Saa,1
海外,1
展開,1
ため,1
インフラ,1
Tips,1
All,1
Stars,1
http,1
๑^,1
アニメーション,1
理解,1
Streams,1
HTTP,1
Format,1
things,1
with,1
-er,1
影響,1
Java,1
現状,1
分散,1
トレーシング,1
Databricks,1
Spark,1
Json,1
codec,1
現場,1
Graph,1
QL,1
Code,1
ツール,1
徹底,1
効率,1
Run,1
Knative,1
サーバー,1
レス,1
メルペイ,1
GKE,1
Twitter,1
登壇,1
Digital,1
規模,1
活躍,1
事業,1
裏,1
進化,1
認識,1
コマンド,1
IVR,1
